Set Number,Component Number,
463W,224,
463W,2466W,
463W,2458,
463W,2452,
463W,2555,
463W,2457,
463W,RCS,
463W,167,
1400,221,
1400,221T,
1400,2430,
1400,2430,
1400,2431,
1400,1019,
1400,1037,
1400W,221,
1400W,221W,
1400W,2430,
1400W,2430,
1400W,2431,
1400W,1019,
1400W,1041,
1401,1654,
1401,1654T,
1401,2452X,
1401,2465,
1401,2472,
1401,1019,
1401,1037,
1401W,1654,
1401W,1654W,
1401W,2452X,
1401W,2465,
1401W,2472,
1401W,1019,
1401W,1041,
1402,1666,
1402,2466T,
1402,2440,
1402,2440,
1402,2441,
1402,1019,
1402,1037,
1402W,1666,
1402W,2466W,
1402W,2440,
1402W,2440,
1402W,2441,
1402W,1019,
1402W,1041,
1403,221,
1403,221T,
1403,2411,
1403,2465,
1403,2472,
1403,1019,
1403,1037,
1403W,221,
1403W,221W,
1403W,2411,
1403W,2465,
1403W,2472,
1403W,1019,
1403W,1041,
1405,1666,
1405,2466T,
1405,2452X,
1405,2465,
1405,2472,
1405,1019,
1405,1037,
1405W,1666,
1405W,2466W,
1405W,2452X,
1405W,2465,
1405W,2472,
1405W,1019,
1405W,1041,
1407B,1665,
1407B,2403B,
1407B,2560,
1407B,2452X,
1407B,2419,
1407B,1019,
1407B,1037,
1409,1666,
1409,2466T,
1409,3559,
1409,2465,
1409,3454,
1409,2472,
1409,1019,
1409,1037,
1409W,1666,
1409W,2466W,
1409W,3559,
1409W,2465,
1409W,3454,
1409W,2472,
1409W,1019,
1409W,1041,
1411W,1666,
1411W,2466WX,
1411W,2452X,
1411W,2465,
1411W,2454,
1411W,2472,
1411W,1019,
1411W,1041,
1413WS,2020,
1413WS,2466WX,
1413WS,2452X,
1413WS,2465,
1413WS,2454,
1413WS,2472,
1413WS,1019,
1413WS,1041,
1415WS,2020,
1415WS,2020W,
1415WS,3459,
1415WS,3454,
1415WS,2465,
1415WS,2472,
1415WS,1019,
1415WS,1121,
1415WS,1019,
1415WS,1121,
1415WS,1041,
1417WS,2020,
1417WS,2020W,
1417WS,2465,
1417WS,3451,
1417WS,2560,
1417WS,2419,
1417WS,1019,
1417WS,1041,
1419WS,2020,
1419WS,2020W,
1419WS,3459,
1419WS,2452X,
1419WS,2560,
1419WS,2419,
1419WS,1019,
1419WS,1121,
1419WS,1041,
1421WS,2020,
1421WS,2020W,
1421WS,3451,
1421WS,2465,
1421WS,3454,
1421WS,2472,
1421WS,1019,
1421WS,1121,
1421WS,164,
1421WS,1041,
2100,224,
2100,2466T,
2100,2442,
2100,2442,
2100,2443,
2100,RCS,
2100W,224,
2100W,2466W,
2100W,2442,
2100W,2442,
2100W,2443,
2100W,RCS,
2100W,167,
2101,221,
2101,2466T,
2101,2555,
2101,2452,
2101,2457,
2101,RCS,
2101W,221,
2101W,2466W,
2101W,2555,
2101W,2452,
2101W,2457,
2101W,RCS,
2101W,167,
2103W,224,
2103W,2466W,
2103W,2458,
2103W,3559,
2103W,2555,
2103W,2457,
2103W,RCS,
2103W,167,
2105WS,671,
2105WS,2466W,
2105WS,2555,
2105WS,2454,
2105WS,2457,
2105WS,RCS,
2105WS,167,
2110WS,671,
2110WS,2466W,
2110WS,2625,
2110WS,2625,
2110WS,2625,
2110WS,RCS,
2110WS,167,
2111WS,671,
2111WS,2466W,
2111WS,3459,
2111WS,2411,
2111WS,2460,
2111WS,2420,
2111WS,RCS,
2111WS,167,
2113WS,726,
2113WS,2426W,
2113WS,2855,
2113WS,3854,
2113WS,2857,
2113WS,RCS,
2113WS,167,
2114WS,726,
2114WS,2426W,
2114WS,2625,
2114WS,2625,
2114WS,2625,
2114WS,RCS,
2114WS,167,
2115WS,726,
2115WS,2426W,
2115WS,2458,
2115WS,3451,
2115WS,2460,
2115WS,2420,
2115WS,RCS,
2115WS,167,
4109WS,671R,
4109WS,4424W (1946),
4109WS,4671W (1947),
4109WS,4452,
4109WS,4454,
4109WS,5459,
4109WS,4457,
4109WS,ECU-1,
1431,1654,
1431,1654T,
1431,2452X,
1431,2465,
1431,2472,
1431,1019,
1431,1035,
1431W,1654,
1431W,1654W,
1431W,2452X,
1431W,2465,
1431W,2472,
1431W,1019,
1431W,1042,
1432,221,
1432,221T,
1432,2430,
1432,2430,
1432,2431,
1432,1019,
1432,1035,
1432W,221,
1432W,221W,
1432W,2430,
1432W,2430,
1432W,2431,
1432W,1019,
1432W,1042,
1433,221,
1433,221T,
1433,2411,
1433,2465,
1433,2457,
1433,1019,
1433,1035,
1433W,221,
1433W,221W,
1433W,2411,
1433W,2465,
1433W,2457,
1433W,1019,
1433W,1042,
1434WS,2025,
1434WS,2466WX,
1434WS,2440,
1434WS,2440,
1434WS,2441,
1434WS,1019,
1434WS,S,
1435WS,2025,
1435WS,2466WX,
1435WS,2452X,
1435WS,2454,
1435WS,2457,
1435WS,1019,
1435WS,S,
1437WS,2025,
1437WS,2466WX,
1437WS,2452X,
1437WS,2465,
1437WS,2454,
1437WS,2472,
1437WS,1019,
1437WS,S,
1439WS,2025,
1439WS,2466WX,
1439WS,3559,
1439WS,2465,
1439WS,3454,
1439WS,2457,
1439WS,1019,
1439WS,S,
1441WS,2020,
1441WS,2020W,
1441WS,2560,
1441WS,2461,
1441WS,3451,
1441WS,2419,
1441WS,1019,
1441WS,S,
1443WS,2020,
1443WS,2020W,
1443WS,3459,
1443WS,3462,
1443WS,2465,
1443WS,2457,
1443WS,1019,
1443WS,1121,
1443WS,S,
2120S,675,
2120S,2466T,
2120S,2442,
2120S,2442,
2120S,2443,
2120S,RCS,
2120S,88,
2120WS,675,
2120WS,2466WX,
2120WS,2442,
2120WS,2442,
2120WS,2443,
2120WS,RCS,
2120WS,88,
2120WS,167,
2121S,675,
2121S,2466T,
2121S,2555,
2121S,2452,
2121S,2457,
2121S,RCS,
2121S,88,
2121WS,675,
2121WS,2466WX,
2121WS,2555,
2121WS,2452,
2121WS,2457,
2121WS,RCS,
2121WS,88,
2121WS,167,
2123WS,675,
2123WS,2466WX,
2123WS,2458,
2123WS,3559,
2123WS,2555,
2123WS,2457,
2123WS,RCS,
2123WS,167,
2124W,2332,
2124W,2625,
2124W,2625,
2124W,2625,
2124W,RCS,
2124W,167,
2125WS,671,
2125WS,671W,
2125WS,2411,
2125WS,2454,
2125WS,2452,
2125WS,2457,
2125WS,RCS,
2125WS,167,
2126WS,671,
2126WS,671W,
2126WS,2625,
2126WS,2625,
2126WS,2625,
2126WS,RCS,
2126WS,167,
2127WS,671,
2127WS,671W,
2127WS,3459,
2127WS,2461,
2127WS,2460,
2127WS,2420,
2127WS,RCS,
2127WS,167,
2129WS,726,
2129WS,2426W,
2129WS,3854,
2129WS,2411,
2129WS,2855,
2129WS,2457,
2129WS,RCS,
2129WS,167,
2131WS,726,
2131WS,2426W,
2131WS,3462,
2131WS,3451,
2131WS,2460,
2131WS,2420,
2131WS,RCS,
2131WS,167,
1111,1001,
1111,1001T,
1111,1002,
1111,1005,
1111,1007,
1111,1009,
1111,1011,
1112,1001,
1112,1001T,
1112,1002,
1112,1004,
1112,1005,
1112,1007,
1112,1009,
1112,1011,
1423W,1655,
1423W,6654W,
1423W,6452,
1423W,6465,
1423W,6257,
1423W,6019,
1423W,1042,
1425B,1656,
1425B,2403B,
1425B,6456,
1425B,6465,
1425B,6257X,
1425B,6019,
1425B,1034,
1426WS,2026,
1426WS,6466WX,
1426WS,6440,
1426WS,6440,
1426WS,6441,
1426WS,6019,
1426WS,1032,
1427WS,2026,
1427WS,6466WX,
1427WS,6454,
1427WS,6465,
1427WS,6257,
1427WS,6019,
1427WS,1032,
1429WS,2026,
1429WS,6466WX,
1429WS,3451,
1429WS,6454,
1429WS,6465,
1429WS,6357,
1429WS,6019,
1429WS,1033,
1430WS,2025,
1430WS,6466WX,
1430WS,2400,
1430WS,2401,
1430WS,2402,
1430WS,6019,
1430WS,1033,
1445WS,2025,
1445WS,6466WX,
1445WS,6454,
1445WS,3559,
1445WS,6465,
1445WS,6357,
1445WS,6019,
1445WS,1033,
1447WS,2020,
1447WS,6020W,
1447WS,3451,
1447WS,2461,
1447WS,2460,
1447WS,6419,
1447WS,6019,
1447WS,1033,
1449WS,2020,
1449WS,6020W,
1449WS,3462,
1449WS,3459,
1449WS,6411,
1449WS,6465,
1449WS,6357,
1449WS,6019,
1449WS,1033,
2133W,2333P,
2133W,2333T,
2133W,2458,
2133W,3459,
2133W,2555,
2133W,2357,
2133W,RCS,
2135WS,675,
2135WS,2466WX,
2135WS,2456,
2135WS,2411,
2135WS,2357,
2135WS,RCS,
2136WS,675,
2136WS,2466WX,
2136WS,2442,
2136WS,2442,
2136WS,2443,
2136WS,RCS,
2137WS,675,
2137WS,2466WX,
2137WS,2458,
2137WS,3459,
2137WS,2456,
2137WS,2357,
2137WS,RCS,
2139W,2332,
2139W,2458,
2139W,3451,
2139W,2456,
2139W,2357,
2139W,RCS,
2140WS,671,
2140WS,2671W,
2140WS,2400,
2140WS,2401,
2140WS,2402,
2140WS,RCS,
2141WS,671,
2141WS,2671W,
2141WS,3451,
2141WS,3462,
2141WS,2456,
2141WS,2357,
2141WS,RCS,
2143WS,671,
2143WS,2671W,
2143WS,3459,
2143WS,2461,
2143WS,2460,
2143WS,2420,
2143WS,RCS,
2144W,2332,
2144W,2625,
2144W,2627,
2144W,2628,
2144W,RCS,
2145WS,726,
2145WS,2426W,
2145WS,3462,
2145WS,2411,
2145WS,2460,
2145WS,2357,
2145WS,RCS,
2146WS,726,
2146WS,2426W,
2146WS,2625,
2146WS,2627,
2146WS,2628,
2146WS,RCS,
4110WS,671R,
4110WS,4671W,
4110WS,4452,
4110WS,4454,
4110WS,5459,
4110WS,4357,
4110WS,O22,
4110WS,151,
4110WS,97,
4110WS,ECU-1,
4110WS,VW,
1115,1110,
1115,1001T,
1115,1002,
1115,1005,
1115,1007,
1115,1009,
1115,1011,
1117,1110,
1117,1001T,
1117,1002,
1117,1005,
1117,1004,
1117,1007,
1117,1009,
1117,1011,
1451WS,2026,
1451WS,6466WX,
1451WS,6462,
1451WS,3464,
1451WS,6257,
1451WS,6019,
1451WS,1033,
1453WS,2026,
1453WS,6466WX,
1453WS,3464,
1453WS,6465,
1453WS,3461,
1453WS,6357,
1453WS,6019,
1453WS,1033,
1455WS,2025,
1455WS,6466WX,
1455WS,6462,
1455WS,6465,
1455WS,3472,
1455WS,6357,
1455WS,6019,
1455WS,1033,
1457B,6220,
1457B,3464,
1457B,6462,
1457B,6520,
1457B,6419,
1457B,6019,
1457B,1034,
1459WS,2020,
1459WS,6020W,
1459WS,6411,
1459WS,3656,
1459WS,6465,
1459WS,3469,
1459WS,6357,
1459WS,6019,
1459WS,1033,
2147WS,675,
2147WS,6466WX,
2147WS,3472,
2147WS,6465,
2147WS,3469,
2147WS,6457,
2147WS,UCS,
2149B,622,
2149B,6520,
2149B,3469,
2149B,2460,
2149B,6419,
2149B,UCS,
2151W,2333P,
2151W,2333T,
2151W,3464,
2151W,6555,
2151W,3469,
2151W,6520,
2151W,6457,
2151W,UCS,
2153WS,671,
2153WS,2671W,
2153WS,3469,
2153WS,6520,
2153WS,2460,
2153WS,6419,
2153WS,UCS,
2155WS,726,
2155WS,2426W,
2155WS,6411,
2155WS,3656,
2155WS,2460,
2155WS,6457,
2155WS,UCS,
1113,1120,
1113,1001T,
1113,1002,
1113,1005,
1113,1007,
1113,1009,
1113,1011,
1461S,6110,
1461S,6001T,
1461S,6002,
1461S,6004,
1461S,6007,
1461S,6019,
1461S,1012,
1463W,2036,
1463W,6466W,
1463W,6462,
1463W,6465,
1463W,6257,
1463W,6019,
1463W,1033,
1464W,2023P,
1464W,2023T,
1464W,2481,
1464W,2482,
1464W,2483,
1464W,6019,
1464W,1033,
1467W,2023P,
1467W,2023T,
1467W,6656,
1467W,6465,
1467W,6456,
1467W,6357,
1467W,6019,
1467W,1033,
1469WS,2035,
1469WS,6466W,
1469WS,6462,
1469WS,6465,
1469WS,6456,
1469WS,6257,
1469WS,6019,
1469WS,1033,
1471WS,2035,
1471WS,6466W,
1471WS,3469,
1471WS,6465,
1471WS,6454,
1471WS,3461,
1471WS,6357,
1471WS,6019,
1471WS,1033,
1473WS,2046,
1473WS,2046W,
1473WS,3464,
1473WS,6465,
1473WS,6520,
1473WS,6357,
1473WS,6019,
1473WS,1033,
1475WS,2046,
1475WS,2046W,
1475WS,3656,
1475WS,3461,
1475WS,6472,
1475WS,3469,
1475WS,6419,
1475WS,6019,
1475WS,1033,
2148WS,773,
2148WS,2426W,
2148WS,2625,
2148WS,2627,
2148WS,2628,
2148WS,UCS,
2150WS,681,
2150WS,2671W,
2150WS,2421,
2150WS,2422,
2150WS,2423,
2150WS,UCS,
2159W,2330,
2159W,3464,
2159W,6462,
2159W,3461,
2159W,6456,
2159W,6457,
2159W,UCS,
2161W,2343P,
2161W,2343T,
2161W,3469,
2161W,3464,
2161W,3461,
2161W,6520,
2161W,6457,
2161W,UCS,
2163WS,736,
2163WS,2671WX,
2163WS,6472,
2163WS,6462,
2163WS,6555,
2163WS,6457,
2163WS,UCS,
2165WS,736,
2165WS,2671WX,
2165WS,3472,
2165WS,6456,
2165WS,3461,
2165WS,6457,
2165WS,UCS,
2167WS,681,
2167WS,2671W,
2167WS,6462,
2167WS,3464,
2167WS,6457,
2167WS,UCS,
2169WS,773,
2169WS,2426W,
2169WS,3656,
2169WS,6456,
2169WS,3469,
2169WS,6411,
2169WS,6457,
2169WS,UCS,
2171W,2344P,
2171W,2344T,
2171W,3469,
2171W,3464,
2171W,3461,
2171W,6520,
2171W,6457,
2171W,UCS,
2173WS,681,
2173WS,2671W,
2173WS,3472,
2173WS,6555,
2173WS,3469,
2173WS,6457,
2173WS,UCS,
2175W,2343P,
2175W,2343T,
2175W,6456,
2175W,3464,
2175W,6555,
2175W,6462,
2175W,6457,
2175W,UCS,
2185W,2344P,
2185W,2344T,
2185W,6456,
2185W,3464,
2185W,6555,
2185W,6462,
2185W,6457,
2185W,UCS,
1119,1110,
1119,1001T,
1119,1002,
1119,1004,
1119,1007,
1119,1009,
1119,1011,
1463WS,2026,
1463WS,6466W,
1463WS,6462,
1463WS,6465,
1463WS,6257,
1463WS,6019,
1463WS,1033,
1464W,2023P,
1464W,2023T,
1464W,2421,
1464W,2422,
1464W,2423,
1464W,6019,
1464W,1033,
1477S,2026,
1477S,6466T,
1477S,6012,
1477S,6014,
1477S,6017,
1477S,6019,
1477S,1034,
1481WS,2035,
1481WS,6466W,
1481WS,3464,
1481WS,3472,
1481WS,6465,
1481WS,6462,
1481WS,6357,
1481WS,6019,
1481WS,1033,
1465,2034,
1465,6066T,
1465,6032,
1465,6035,
1465,6037,
1465,6019,
1465,1012,
1467W,2032P,
1467W,2032T,
1467W,6656,
1467W,6456,
1467W,6465,
1467W,6357,
1467W,6019,
1467W,1033,
1479WS,2056,
1479WS,2046W,
1479WS,6462,
1479WS,6465,
1479WS,6456,
1479WS,6257,
1479WS,6019,
1479WS,1033,
1483WS,2056,
1483WS,2046W,
1483WS,3472,
1483WS,6462,
1483WS,6465,
1483WS,3474,
1483WS,6357,
1483WS,6019,
1483WS,1033,
1484WS,2056,
1484WS,2046W,
1484WS,2421,
1484WS,2422,
1484WS,2423,
1484WS,2429,
1484WS,6019,
1484WS,1033,
1485WS,2025,
1485WS,6466W,
1485WS,6462,
1485WS,6465,
1485WS,6257,
1485WS,6019,
1485WS,1033,
1489WS,2025,
1489WS,6466W,
1489WS,6456,
1489WS,6656,
1489WS,6257,
1489WS,6019,
1489WS,1033,
2177WS,675,
2177WS,2046W,
2177WS,6462,
2177WS,6465,
2177WS,6457,
2177WS,UCS,
2179WS,671,
2179WS,2046WX,
2179WS,3464,
2179WS,6465,
2179WS,6462,
2179WS,6457,
2179WS,UCS,
2183WS,726,
2183WS,2046W,
2183WS,3464,
2183WS,6462,
2183WS,6465,
2183WS,6457,
2183WS,UCS,
2187WS,671,
2187WS,2046WX,
2187WS,6462,
2187WS,3472,
2187WS,3469,
2187WS,6456,
2187WS,6457,
2187WS,UCS,
2189WS,726,
2189WS,2046W,
2189WS,3520,
2189WS,3656,
2189WS,6462,
2189WS,3461,
2189WS,6457,
2189WS,UCS,
2190W,2343P,
2190W,2343T,
2190W,2531,
2190W,2532,
2190W,2533,
2190W,2534,
2190W,UCS,
2191W,2343P,
2191W,2343C,
2191W,2343T,
2191W,6462,
2191W,6656,
2191W,6456,
2191W,6457,
2191W,UCS,
2193W,2344P,
2193W,2344C,
2193W,2344T,
2193W,6462,
2193W,6656,
2193W,6456,
2193W,6457,
2193W,UCS,
1562W,2328,
1562W,2442-,
1562W,2442-,
1562W,2444-,
1562W,2446-,
1562W,6019,
1562W,1053,
1500,1130,
1500,6066T,
1500,6032,
1500,6034,
1500,6037,
1500,6009,
1500,1012,
1501S,2026,
1501S,6066T,
1501S,6032,
1501S,6035,
1501S,6037,
1501S,6009,
1501S,1043,
1502WS,2055,
1502WS,2046W,
1502WS,2421,
1502WS,2422,
1502WS,2423,
1502WS,6019,
1502WS,1033,
1503WS,2055,
1503WS,6026W,
1503WS,6462,
1503WS,6465,
1503WS,6456,
1503WS,6257,
1503WS,6019,
1503WS,1033,
1505WS,2046,
1505WS,2046W,
1505WS,6462,
1505WS,6464-1,
1505WS,6415,
1505WS,6357,
1505WS,6019,
1505WS,1033,
1507WS,2046,
1507WS,2046W,
1507WS,6415,
1507WS,6462,
1507WS,3472,
1507WS,6468,
1507WS,6357,
1507WS,6019,
1507WS,1033,
1509WS,2046,
1509WS,2046W,
1509WS,6456,
1509WS,3520,
1509WS,3469,
1509WS,6460,
1509WS,6419,
1509WS,6019,
1509WS,1033,
1511S,2037,
1511S,6066T,
1511S,6032,
1511S,3474,
1511S,6035,
1511S,6037,
1511S,6019,
1511S,1043,
2190W-,2353P,
2190W-,2353T,
2190W-,2531,
2190W-,2532,
2190W-,2533,
2190W-,2534,
2190W-,UCS,
2201WS,685,
2201WS,6026W,
2201WS,6464-50,
2201WS,6465,
2201WS,6462,
2201WS,6357,
2201WS,UCS,
2203WS,681,
2203WS,2046WX,
2203WS,6415,
2203WS,3520,
2203WS,6464-25,
2203WS,6417,
2203WS,UCS,
2205WS,736,
2205WS,2046W,
2205WS,3484,
2205WS,6415,
2205WS,6468,
2205WS,6456,
2205WS,6417,
2205WS,UCS,
2207W,2353P,
2207W,2353C,
2207W,2353T,
2207W,6462,
2207W,3484,
2207W,6415,
2207W,6417,
2207W,UCS,
2209W,2354P,
2209W,2354C,
2209W,2354T,
2209W,6462,
2209W,3484,
2209W,6415,
2209W,6417,
2209W,UCS,
2211WS,681,
2211WS,2046WX,
2211WS,3656,
2211WS,6464-75,
2211WS,3461,
2211WS,6417,
2211WS,UCS,
2213WS,736,
2213WS,2046W,
2213WS,3461,
2213WS,3520,
2213WS,3469,
2213WS,6460,
2213WS,6419,
2213WS,UCS,
1513S,2037,
1513S,6026T,
1513S,6012,
1513S,6014,
1513S,6015,
1513S,6017,
1513S,6009,
1513S,1043,
1515WS,2065,
1515WS,2046W,
1515WS,6462,
1515WS,6415,
1515WS,6464-25,
1515WS,6456-25,
1515WS,6357,
1515WS,6019,
1515WS,1033,
1516WS,2065,
1516WS,2046W,
1516WS,2432,
1516WS,2434,
1516WS,2436,
1516WS,6019,
1516WS,1033,
1517W,2245P,
1517W,2245C,
1517W,6464-225,
1517W,6561,
1517W,6462-25,
1517W,6427,
1517W,6019,
1517W,1033,
1519WS,2065,
1519WS,6026W,
1519WS,6356,
1519WS,6462-75,
1519WS,3482,
1519WS,3461-25,
1519WS,6427,
1519WS,6019,
1519WS,1033,
1520W,2245P,
1520W,2245C,
1520W,2432,
1520W,2435,
1520W,2436,
1520W,6019,
1520W,1033,
1521WS,2065,
1521WS,2046W,
1521WS,3620,
1521WS,6561,
1521WS,6460,
1521WS,3562,
1521WS,6419-25,
1521WS,6019,
1521WS,1033,
1523,6250,
1523,6511,
1523,6456-25,
1523,6460-25,
1523,6419-25,
1523,6019,
1523,1034,
2217WS,682,
2217WS,2046WX,
2217WS,6464-175,
2217WS,3562-25,
2217WS,6356,
2217WS,6417,
2217WS,UCS,
2219W,2321,
2219W,6456-25,
2219W,6464-50,
2219W,6462-25,
2219W,6415,
2219W,6417,
2219W,UCS,
2221WS,646,
2221WS,2046W,
2221WS,6468,
2221WS,3620,
2221WS,3469,
2221WS,6456-25,
2221WS,6417-25,
2221WS,UCS,
2222WS,646,
2222WS,2046W,
2222WS,2530,
2222WS,2531,
2222WS,2532,
2222WS,UCS,
2223W,2321,
2223W,6464-100,
2223W,3461-25,
2223W,3482,
2223W,6462-125,
2223W,6417-50,
2223W,UCS,
2225WS,736,
2225WS,2046W,
2225WS,3461-25,
2225WS,3562,
2225WS,3620,
2225WS,6460,
2225WS,6419,
2225WS,UCS,
2227W,2353P,
2227W,2353T,
2227W,3562-25,
2227W,6356,
2227W,6456-75,
2227W,6468,
2227W,6417-25,
2227W,UCS,
2229W,2354P,
2229W,2354T,
2229W,3562-25,
2229W,6356,
2229W,6456-75,
2229W,6468,
2229W,6417-25,
2229W,UCS,
2231W,2356P,
2231W,2356C,
2231W,2356T,
2231W,6511,
2231W,6561,
2231W,3482,
2231W,6415,
2231W,6417-25,
2231W,UCS,
2234W,2353P,
2234W,2353T,
2234W,2530,
2234W,2531,
2234W,2532,
2234W,2533,
2234W,UCS,
1000W,2016,
1000W,6026W,
1000W,6014,
1000W,6012,
1000W,6017,
1000W,6029,
1000W,1033,
506,2016,
506,6026W,
506,6014,
506,6012,
506,6017,
506,6029,
506,1033,
1001,610,
1001,6012,
1001,6014,
1001,6015,
1001,6017,
1001,6029,
1001,1014,
501,610,
501,6012,
501,6014,
501,6015,
501,6017,
501,6029,
501,1014,
504,2037,
504,6026T,
504,6012,
504,6014,
504,6015,
504,6017,
504,6009,
504,1043,
1525,600,
1525,6111,
1525,6014,
1525,6017,
1525,6029,
1525,1014,
500,600,
500,6111,
500,6014,
500,6017,
500,6029,
500,1014,
1526S,2037,
1526S,2046T,
1526S,6465,
1526S,6456,
1526S,6257,
1526S,6029,
1526S,1014,
515,2037,
515,2046T,
515,6465,
515,6456,
515,6257,
515,6029,
515,1014,
1527,1615,
1527,1615T,
1527,6462-125,
1527,6560,
1527,6119,
1527,6029,
1527,1014,
502,1615,
502,1615T,
502,6462-125,
502,6560,
502,6119,
502,6029,
502,1014,
1529,2028,
1529,6311,
1529,6436,
1529,6257,
1529,6029,
1529,1014,
503,2028,
503,6311,
503,6436,
503,6257,
503,6029,
503,1014,
1531W,2328,
1531W,6462-125,
1531W,6465,
1531W,6456,
1531W,6257,
1531W,6019,
1531W,1033,
505,2328,
505,6462-125,
505,6465,
505,6456,
505,6257,
505,6019,
505,1033,
1533WS,2055,
1533WS,6026W,
1533WS,3562-50,
1533WS,6436,
1533WS,6465,
1533WS,6357,
1533WS,6019,
1533WS,1033,
507,2055,
507,6026W,
507,3562-50,
507,6436,
507,6465,
507,6357,
507,6019,
507,1033,
1534W,2328,
1534W,2432,
1534W,2434,
1534W,2436,
1534W,6019,
1534W,1033,
508,2328,
508,2432,
508,2434,
508,2436,
508,6019,
508,1033,
1535W,2243P,
1535W,2243C,
1535W,6462-125,
1535W,6436,
1535W,6464-50,
1535W,6257,
1535W,6019,
1535W,1033,
509,2243P,
509,2243C,
509,6462-125,
509,6436,
509,6464-50,
509,6257,
509,6019,
509,1033,
1536W,2245P,
1536W,2245T,
1536W,2432,
1536W,2432,
1536W,2436,
1536W,6019,
1536W,1033,
510,2245P,
510,2245T,
510,2432,
510,2432,
510,2436,
510,6019,
510,1033,
1537WS,2065,
1537WS,6026W,
1537WS,3469,
1537WS,6464-275,
1537WS,3562-50,
1537WS,6357,
1537WS,6019,
1537WS,1033,
511,2065,
511,6026W,
511,3469,
511,6464-275,
511,3562-50,
511,6357,
511,6019,
511,1033,
1538WS,2065,
1538WS,2046W,
1538WS,2432,
1538WS,2434,
1538WS,2435,
1538WS,2436,
1538WS,6019,
1538WS,1033,
512,2065,
512,2046W,
512,2432,
512,2434,
512,2435,
512,2436,
512,6019,
512,1033,
1539W,2243P,
1539W,2243C,
1539W,3620,
1539W,6446,
1539W,6561,
1539W,6560,
1539W,6419,
1539W,6019,
1539W,1033,
513,2243P,
513,2243C,
513,3620,
513,6446,
513,6561,
513,6560,
513,6419,
513,6019,
513,1033,
1541WS,2065,
1541WS,2046W,
1541WS,3482,
1541WS,6415,
1541WS,3461-25,
1541WS,3494-1,
1541WS,6427,
1541WS,6019,
1541WS,1033,
514,2065,
514,2046W,
514,3482,
514,6415,
514,3461-25,
514,3494-1,
514,6427,
514,6019,
514,1033,
2235W,2338,
2235W,6436-25,
2235W,6362,
2235W,6560-25,
2235W,6419,
2235W,UCS,
A-20,2338,
A-20,6436-25,
A-20,6362,
A-20,6560-25,
A-20,6419,
A-20,UCS,
2237WS,665,
2237WS,6026W,
2237WS,3562-50,
2237WS,6464-275,
2237WS,6415,
2237WS,6417,
2237WS,UCS,
A-21,665,
A-21,6026W,
A-21,3562-50,
A-21,6464-275,
A-21,6415,
A-21,6417,
A-21,UCS,
2239W,2363P,
2239W,2363C,
2239W,6672,
2239W,6464-125,
2239W,6414,
2239W,6517,
2239W,UCS,
A-22,2363P,
A-22,2363C,
A-22,6672,
A-22,6464-125,
A-22,6414,
A-22,6517,
A-22,UCS,
2241WS,646,
2241WS,2046W,
2241WS,3359,
2241WS,6446,
2241WS,3620,
2241WS,6417,
2241WS,UCS,
A-23,646,
A-23,2046W,
A-23,3359,
A-23,6446,
A-23,3620,
A-23,6417,
A-23,UCS,
2243W,2321,
2243W,3662,
2243W,6511,
2243W,6462-125,
2243W,6464-300,
2243W,6417,
2243W,UCS,
A-24,2321,
A-24,3662,
A-24,6511,
A-24,6462-125,
A-24,6464-300,
A-24,6417,
A-24,UCS,
2244W,2367P,
2244W,2367C,
2244W,2530,
2244W,2531,
2244W,2533,
2244W,UCS,
A-25,2367P,
A-25,2367C,
A-25,2530,
A-25,2531,
A-25,2533,
A-25,UCS,
2245WS,682,
2245WS,2046WX,
2245WS,3562-25,
2245WS,6436-25,
2245WS,6561,
2245WS,6560-25,
2245WS,6419,
2245WS,UCS,
A-26,682,
A-26,2046WX,
A-26,3562-25,
A-26,6436-25,
A-26,6561,
A-26,6560-25,
A-26,6419,
A-26,UCS,
2247W,2367P,
2247W,2367C,
2247W,6462-125,
2247W,3662,
2247W,6464-150,
2247W,3361,
2247W,6517,
2247W,UCS,
A-27,2367P,
A-27,2367C,
A-27,6462-125,
A-27,3662,
A-27,6464-150,
A-27,3361,
A-27,6517,
A-27,UCS,
2249WS,736,
2249WS,2046W,
2249WS,6464-275,
2249WS,6414,
2249WS,3359,
2249WS,3562-50,
2249WS,6517,
2249WS,UCS,
A-28,736,
A-28,2046W,
A-28,6464-275,
A-28,6414,
A-28,3359,
A-28,3562-50,
A-28,6517,
A-28,UCS,
2251W,2331,
2251W,6464-275,
2251W,3562-50,
2251W,6414,
2251W,3359,
2251W,6517,
2251W,UCS,
A-29,2331,
A-29,6464-275,
A-29,3562-50,
A-29,6414,
A-29,3359,
A-29,6517,
A-29,UCS,
2253W,2340-25,
2253W,3361,
2253W,6464-300,
2253W,3620,
2253W,6414,
2253W,6417,
2253W,UCS,
A-30,2340-25,
A-30,3361,
A-30,6464-300,
A-30,3620,
A-30,6414,
A-30,6417,
A-30,UCS,
2254W,2340,
2254W,2541,
2254W,2542,
2254W,2543,
2254W,2544,
2254W,UCS,
A-31,2340,
A-31,2541,
A-31,2542,
A-31,2543,
A-31,2544,
A-31,UCS,
1542,520,
1542,6014,
1542,6012,
1542,6017,
1542,6029,
1542,1015,
750,520,
750,6014,
750,6012,
750,6017,
750,6029,
750,1015,
1543,627,
1543,6121,
1543,6112,
1543,6017,
1543,6029,
1543,1015,
700,627,
700,6121,
700,6112,
700,6017,
700,6029,
700,1015,
1545,628,
1545,6424,
1545,6014,
1545,6025,
1545,6257,
1545,6029,
1545,1015,
701,628,
701,6424,
701,6014,
701,6025,
701,6257,
701,6029,
701,1015,
1547S,2018,
1547S,6026T,
1547S,6121,
1547S,6112,
1547S,6014,
1547S,6257,
1547S,6029,
1547S,1015,
702,2018,
702,6026T,
702,6121,
702,6112,
702,6014,
702,6257,
702,6029,
702,1015,
1549,1615,
1549,1615T,
1549,6262,
1549,6560-25,
1549,6119-25,
1549,6029,
1549,1015,
703,1615,
703,1615T,
703,6262,
703,6560-25,
703,6119-25,
703,6029,
703,1015,
1551W,621,
1551W,6362,
1551W,6425,
1551W,6562-25,
1551W,6257,
1551W,6029,
1551W,1053,
704,621,
704,6362,
704,6425,
704,6562-25,
704,6257,
704,6029,
704,1053,
1552,629,
1552,2432,
1552,2434,
1552,2436,
1552,6029,
1552,1015,
705,629,
705,2432,
705,2434,
705,2436,
705,6029,
705,1015,
1553W,2338,
1553W,6430,
1553W,6462-125,
1553W,6464-425,
1553W,6346,
1553W,6257,
1553W,6019,
1553W,1053,
706,2338,
706,6430,
706,6462-125,
706,6464-425,
706,6346,
706,6257,
706,6019,
706,1053,
1555WS,2018,
1555WS,6026W,
1555WS,3361,
1555WS,6464-400,
1555WS,6462-125,
1555WS,6257,
1555WS,6019,
1555WS,1053,
707,2018,
707,6026W,
707,3361,
707,6464-400,
707,6462-125,
707,6257,
707,6019,
707,1053,
1557W,621,
1557W,6436-25,
1557W,6511,
1557W,3620,
1557W,6560-25,
1557W,6119-25,
1557W,6019,
1557W,1053,
708,621,
708,6436-25,
708,6511,
708,3620,
708,6560-25,
708,6119-25,
708,6019,
708,1053,
1559W,2338,
1559W,6414,
1559W,3562-50,
1559W,6362,
1559W,3494-275,
1559W,6357,
1559W,6019,
1559W,1053,
709,2338,
709,6414,
709,3562-50,
709,6362,
709,3494-275,
709,6357,
709,6019,
709,1053,
1561WS,2065,
1561WS,6026W,
1561WS,3424,
1561WS,6262,
1561WS,6562-25,
1561WS,6430,
1561WS,6257,
1561WS,6019,
1561WS,1053,
710,2065,
710,6026W,
710,3424,
710,6262,
710,6562-25,
710,6430,
710,6257,
710,6019,
710,1053,
1562W,2328,
1562W,2242,
1562W,2242,
1562W,2444,
1562W,2446,
1562W,6019,
1562W,1053,
711,2328,
711,2242,
711,2242,
711,2444,
711,2446,
711,6019,
711,1053,
1563W,2240P,
1563W,2240C,
1563W,6467,
1563W,3562-50,
1563W,6414,
1563W,3620,
1563W,6357,
1563W,6019,
1563W,1033,
712,2240P,
712,2240C,
712,6467,
712,3562-50,
712,6414,
712,3620,
712,6357,
712,6019,
712,1033,
1565WS,2065,
1565WS,6026W,
1565WS,3662,
1565WS,3650,
1565WS,6414,
1565WS,6346,
1565WS,6357,
1565WS,6019,
1565WS,1033,
713,2065,
713,6026W,
713,3662,
713,3650,
713,6414,
713,6346,
713,6357,
713,6019,
713,1033,
1567W,2243P,
1567W,2243C,
1567W,3356,
1567W,3424,
1567W,6430,
1567W,6672,
1567W,6357,
1567W,6019,
1567W,1033,
714,2243P,
714,2243C,
714,3356,
714,3424,
714,6430,
714,6672,
714,6357,
714,6019,
714,1033,
2255W,601,
2255W,3424,
2255W,6362,
2255W,6560-25,
2255W,6119-25,
2255W,UCS,
800,601,
800,3424,
800,6362,
800,6560-25,
800,6119-25,
800,UCS,
2257WS,665,
2257WS,2046W,
2257WS,3361,
2257WS,6346,
2257WS,6467,
2257WS,6462-125,
2257WS,6427,
2257WS,UCS,
801,665,
801,2046W,
801,3361,
801,6346,
801,6467,
801,6462-125,
801,6427,
801,UCS,
2259W,2350,
2259W,6464-425,
2259W,6430,
2259W,3650,
2259W,6511,
2259W,6427,
2259W,UCS,
802,2350,
802,6464-425,
802,6430,
802,3650,
802,6511,
802,6427,
802,UCS,
2261WS,646,
2261WS,2046W,
2261WS,3562-50,
2261WS,6414,
2261WS,6436-25,
2261WS,6376,
2261WS,6417,
2261WS,UCS,
803,646,
803,2046W,
803,3562-50,
803,6414,
803,6436-25,
803,6376,
803,6417,
803,UCS,
2263W,2350,
2263W,3359,
2263W,6468-25,
2263W,6414,
2263W,3662,
2263W,6517,
2263W,UCS,
804,2350,
804,3359,
804,6468-25,
804,6414,
804,3662,
804,6517,
804,UCS,
2265WS,736,
2265WS,2046W,
2265WS,3620,
2265WS,3424,
2265WS,6430,
2265WS,6467,
2265WS,6517,
2265WS,UCS,
805,736,
805,2046W,
805,3620,
805,3424,
805,6430,
805,6467,
805,6517,
805,UCS,
2267W,2331,
2267W,3562-50,
2267W,3359,
2267W,3361,
2267W,6560-25,
2267W,6419-50,
2267W,UCS,
806,2331,
806,3562-50,
806,3359,
806,3361,
806,6560-25,
806,6419-50,
806,UCS,
2269W,2368P,
2269W,2368C,
2269W,3356,
2269W,6518,
2269W,6315,
2269W,3361,
2269W,6517,
2269W,UCS,
807,2368P,
807,2368C,
807,3356,
807,6518,
807,6315,
807,3361,
807,6517,
807,UCS,
2270W,2341,
2270W,2531,
2270W,2532,
2270W,2533,
2270W,UCS,
808,2341,
808,2531,
808,2532,
808,2533,
808,UCS,
2271W,2360-25,
2271W,3424,
2271W,3662,
2271W,6414,
2271W,6418,
2271W,6417,
2271W,UCS,
809,2360-25,
809,3424,
809,3662,
809,6414,
809,6418,
809,6417,
809,UCS,
2273W,2378P,
2273W,2378C,
2273W,342,
2273W,6342,
2273W,3562-50,
2273W,3662,
2273W,3359,
2273W,6517,
2273W,UCS,
810,2378P,
810,2378C,
810,342,
810,6342,
810,3562-50,
810,3662,
810,3359,
810,6517,
810,UCS,
2274W,2360,
2274W,2541,
2274W,2542,
2274W,2543,
2274W,2544,
2274W,UCS,
811,2360,
811,2541,
811,2542,
811,2543,
811,2544,
811,UCS,
1569,202,
1569,6014,
1569,6111,
1569,6112,
1569,6017,
1569,1008,
1569,1015,
725,202,
725,6014,
725,6111,
725,6112,
725,6017,
725,1008,
725,1015,
1571,625,
1571,6424,
1571,6476,
1571,6121,
1571,6112,
1571,6017,
1571,1008,
1571,1015,
726,625,
726,6424,
726,6476,
726,6121,
726,6112,
726,6017,
726,1008,
726,1015,
1573,250,
1573,250T,
1573,6112,
1573,6025,
1573,6476,
1573,6464-425,
1573,6017,
1573,1008,
1573,1015,
727,250,
727,250T,
727,6112,
727,6025,
727,6476,
727,6464-425,
727,6017,
727,1008,
727,1015,
1575,205P,
1575,205T,
1575,6121,
1575,6112,
1575,6111,
1575,6560,
1575,6119-100,
1575,6029,
1575,1015,
728,205P,
728,205T,
728,6121,
728,6112,
728,6111,
728,6560,
728,6119-100,
728,6029,
728,1015,
1577S,2018,
1577S,1130T,
1577S,6014,
1577S,6121,
1577S,6464-475,
1577S,6111,
1577S,6112,
1577S,6017,
1577S,6029,
1577S,1015,
729,2018,
729,1130T,
729,6014,
729,6121,
729,6464-475,
729,6111,
729,6112,
729,6017,
729,6029,
729,1015,
1578S,2018,
1578S,1130T,
1578S,2432,
1578S,2434,
1578S,2436,
1578S,6029,
1578S,1015,
730,2018,
730,1130T,
730,2432,
730,2434,
730,2436,
730,6029,
730,1015,
1579S,2037,
1579S,1130T,
1579S,6476,
1579S,6121,
1579S,6468-25,
1579S,6111,
1579S,6112,
1579S,6025,
1579S,6017,
1579S,6029,
1579S,1043,
731,2037,
731,1130T,
731,6476,
731,6121,
731,6468-25,
731,6111,
731,6112,
731,6025,
731,6017,
731,6029,
731,1043,
1581,611,
1581,6464-650,
1581,6424,
1581,6024,
1581,6025,
1581,6476,
1581,6560-25,
1581,6119-100,
1581,6029,
1581,1043,
732,611,
732,6464-650,
732,6424,
732,6024,
732,6025,
732,6476,
732,6560-25,
732,6119-100,
732,6029,
732,1043,
1583WS,2037,
1583WS,6026W,
1583WS,6482,
1583WS,6112,
1583WS,6646,
1583WS,6121,
1583WS,6476,
1583WS,6017,
1583WS,6029,
1583WS,1053,
733,2037,
733,6026W,
733,6482,
733,6112,
733,6646,
733,6121,
733,6476,
733,6017,
733,6029,
733,1053,
1585W,602,
1585W,6014,
1585W,6111,
1585W,6464-525,
1585W,6025,
1585W,6121,
1585W,6112,
1585W,6476,
1585W,6024,
1585W,6017,
,6029,
1585W,1053,
734,602,
734,6014,
734,6111,
734,6464-525,
734,6025,
734,6121,
734,6112,
734,6476,
734,6024,
734,6017,
734,6029,
734,1053,
1586,204P,
1586,204T,
1586,2432,
1586,2432,
1586,2436,
1586,6029,
1586,1043,
735,204P,
735,204T,
735,2432,
735,2432,
735,2436,
735,6029,
735,1043,
1587S,2037-500,
1587S,1130T-500,
1587S,6462-500,
1587S,6464-515,
1587S,6436-500,
1587S,6464-510,
1587S,6427-500,
1587S,6029,
1587S,1043-500,
736,2037-500,
736,1130T-500,
736,6462-500,
736,6464-515,
736,6436-500,
736,6464-510,
736,6427-500,
736,6029,
736,1043-500,
1589WS,2037,
1589WS,6026W,
1589WS,6424,
1589WS,6464-450,
1589WS,6025,
1589WS,6024,
1589WS,6111,
1589WS,6112,
1589WS,6017,
1589WS,6029,
1589WS,1044,
737,2037,
737,6026W,
737,6424,
737,6464-450,
737,6025,
737,6024,
737,6111,
737,6112,
737,6017,
737,6029,
737,1044,
2275W,2339,
2275W,3444,
2275W,6464-475,
2275W,6425,
2275W,6427,
2275W,UCS,
815,2339,
815,3444,
815,6464-475,
815,6425,
815,6427,
815,UCS,
2276W,404,
2276W,2559,
2276W,2559,
2276W,UCS,
816,404,
816,2559,
816,2559,
816,UCS,
2277WS,665,
2277WS,2046W,
2277WS,6446-25,
2277WS,3650,
2277WS,6560-25,
2277WS,6119-75,
2277WS,UCS,
817,665,
817,2046W,
817,6446-25,
817,3650,
817,6560-25,
817,6119-75,
817,UCS,
2279W,2350,
2279W,3424,
2279W,6464-425,
2279W,6424,
2279W,6477,
2279W,6427,
2279W,UCS,
818,2350,
818,3424,
818,6464-425,
818,6424,
818,6477,
818,6427,
818,UCS,
2281W,2243P,
2281W,2243C,
2281W,6464-150,
2281W,3361,
2281W,3562-75,
2281W,6560-25,
2281W,6119-75,
2281W,UCS,
819,2243P,
819,2243C,
819,6464-150,
819,3361,
819,3562-75,
819,6560-25,
819,6119-75,
819,UCS,
2283WS,646,
2283WS,2046W,
2283WS,3424,
2283WS,3361,
2283WS,6464-525,
2283WS,6562-50,
2283WS,6357,
2283WS,UCS,
820,646,
820,2046W,
820,3424,
820,3361,
820,6464-525,
820,6562-50,
820,6357,
820,UCS,
2285W,2331,
2285W,6418,
2285W,6414,
2285W,6425,
2285W,3662,
2285W,6517,
2285W,UCS,
821,2331,
821,6418,
821,6414,
821,6425,
821,3662,
821,6517,
821,UCS,
2287W,2351,
2287W,342,
2287W,6342,
2287W,6464-500,
2287W,3650,
2287W,6315,
2287W,6427,
2287W,UCS,
822,2351,
822,342,
822,6342,
822,6464-500,
822,3650,
822,6315,
822,6427,
822,UCS,
2289WS,736,
2289WS,2046W,
2289WS,3359,
2289WS,3494-275,
2289WS,3361,
2289WS,6430,
2289WS,6427,
2289WS,39-20,
823,736,
823,2046W,
823,3359,
823,3494-275,
823,3361,
823,6430,
823,6427,
823,39-20,
2291W,2379P,
2291W,2379C,
2291W,3562-75,
2291W,3530,
2291W,3444,
2291W,6464-525,
2291W,6657,
2291W,39-20,
824,2379P,
824,2379C,
824,3562-75,
824,3530,
824,3444,
824,6464-525,
824,6657,
824,39-20,
2292WS,646,
2292WS,2046W,
2292WS,2530,
2292WS,2531,
2292WS,2532,
2292WS,2533,
2292WS,39-5,
825,646,
825,2046W,
825,2530,
825,2531,
825,2532,
825,2533,
825,39-5,
2293W,2360,
2293W,3662,
2293W,3650,
2293W,6414,
2293W,6518,
2293W,6417,
2293W,39-20,
826,2360,
826,3662,
826,3650,
826,6414,
826,6518,
826,6417,
826,39-20,
2295WS,746,
2295WS,746W,
2295WS,342,
2295WS,6342,
2295WS,3530,
2295WS,3361,
2295WS,6560-25,
2295WS,6419-100,
2295WS,39-20,
827,746,
827,746W,
827,342,
827,6342,
827,3530,
827,3361,
827,6560-25,
827,6419-100,
827,39-20,
2296W,2373P,
2296W,2373T,
2296W,2551,
2296W,2552,
2296W,2553,
2296W,2554,
2296W,39-50,
828,2373P,
828,2373T,
828,2551,
828,2552,
828,2553,
828,2554,
828,39-50,
2297WS,746,
2297WS,746W,
2297WS,264,
2297WS,6264,
2297WS,3356,
2297WS,3662,
2297WS,345,
2297WS,6342,
2297WS,6517,
2297WS,39-20,
829,746,
829,746W,
829,264,
829,6264,
829,3356,
829,3662,
829,345,
829,6342,
829,6517,
829,39-20,
1590,249,
1590,250T,
1590,6014,
1590,6151,
1590,6112,
1590,6017,
1590,1008,
1590,1015,
1591,212,
1591,6803,
1591,6807,
1591,6809,
1591,6017-50,
1591,1008,
1591,1015,
1593,613,
1593,6476,
1593,6818,
1593,6660,
1593,6112,
1593,6119-100,
1593,1008,
1593,1015,
1595,1625,
1595,1625T,
1595,6804,
1595,6806,
1595,6808,
1595,6017,
1595,6029,
1595,1015,
1597S,2018,
1597S,1130T,
1597S,6014,
1597S,6818,
1597S,6476,
1597S,6025,
1597S,6112,
1597S,6017,
1597S,6029,
1597S,1015,
1599,210P,
1599,210T,
1599,6801,
1599,6014,
1599,6424,
1599,6112,
1599,6465,
1599,6017,
1599,6029,
1599,1015,
1600,216,
1600,6572,
1600,2432,
1600,2436,
1600,6029,
1600,1015,
1601W,2337,
1601W,6800,
1601W,6464-425,
1601W,6801,
1601W,6810,
1601W,6017,
1601W,6029,
1601W,1053,
1603WS,2037,
1603WS,6026W,
1603WS,6424,
1603WS,6014,
1603WS,6818,
1603WS,6112,
1603WS,6017,
1603WS,6029,
1603WS,1053,
1605W,208P,
1605W,208T,
1605W,6800,
1605W,6464-425,
1605W,6801,
1605W,6477,
,6802,
1605W,6017,
,6029,
,1053,
1607WS,2037,
1607WS,6026W,
1607WS,6465,
1607WS,6818,
1607WS,6464-425,
1607WS,6112,
1607WS,6119-100,
1607WS,6029,
1607WS,1044,
1608W,209P,
1608W,209T,
1608W,2432,
1608W,2432,
1608W,2434,
1608W,2436,
1608W,6029,
1608W,1053,
2501W,2348,
2501W,6464-525,
2501W,6802,
2501W,6560,
2501W,6119-100,
2501W,39-5,
2502W,400,
2502W,2550,
2502W,2559,
2502W,39-5,
2503WS,665,
2503WS,2046W,
2503WS,3361,
2503WS,6434,
2503WS,6801,
2503WS,6536,
2503WS,6357,
2503WS,39-20,
2505W,2329,
2505W,6805,
2505W,6519,
2505W,6800,
2505W,6464-500,
2505W,6357,
2505W,39-5,
2507W,2242P,
2507W,2242C,
2507W,3444,
2507W,6464-425,
2507W,6424,
2507W,6468-25,
2507W,6357,
2507W,39-5,
2509WS,665,
2509WS,2046W,
2509WS,6414,
2509WS,3650,
2509WS,6464-475,
2509WS,6805,
2509WS,6357,
2509WS,39-5,
2511W,2352,
2511W,3562-75,
2511W,3424,
2511W,3361,
2511W,6560,
2511W,6119-100,
2511W,39-10,
2513W,2329,
2513W,6556,
2513W,6425,
2513W,6414,
2513W,6434,
2513W,3359,
2513W,6427-60,
2513W,39-20,
2515WS,646,
2515WS,2046W,
2515WS,3662,
2515WS,6424,
2515WS,3444,
2515WS,6800,
2515WS,6427,
2515WS,39-20,
2517W,2379P,
2517W,2379C,
2517W,6519,
2517W,6805,
2517W,6434,
2517W,6800,
2517W,6657,
2517W,39-5,
2518W,2352,
2518W,2531,
2518W,2533,
2518W,2534,
2518W,39-5,
2519W,2331,
2519W,6434,
2519W,3530,
2519W,6801,
2519W,6414,
2519W,6464-275,
2519W,6557,
2519W,39-5,
2521WS,746,
2521WS,746W,
2521WS,6805,
2521WS,3361,
2521WS,6430,
2521WS,3356,
2521WS,6424,
2521WS,6557,
2521WS,39-15,
2523W,2383P,
2523W,2383T,
2523W,264,
2523W,6264,
2523W,6434,
2523W,6800,
2523W,3662,
2523W,6517,
2523W,39-20,
2525WS,746,
2525WS,746W,
2525WS,342,
2525WS,6342,
2525WS,345,
2525WS,6342,
2525WS,6519,
2525WS,6518,
2525WS,6560,
2525WS,6419-100,
2525WS,39-5,
2526W,2383P,
2526W,2383T,
2526W,2530,
2526W,2531,
2526W,2532,
2526W,39-5,
1105,1055,
1105,6045,
1105,6044,
1105,6042,
1105,6112,
1105,6047,
1105,1026,
1609,246,
1609,1130T,
1609,6162-25,
1609,6476,
1609,6057,
1609,1008-50,
1609,1016,
1611,614,
1611,6825,
1611,6162-60,
1611,6465,
1611,6027,
1611,1008-50,
1611,1016,
1612,1862,
1612,1862T,
1612,1866,
1612,1865,
1612,1015,
1613S,247,
1613S,247T,
1613S,6826,
1613S,6819,
1613S,6821,
1613S,6017,
1613S,1008-50,
1613S,1015,
1615,217P,
1615,217C,
1615,6800,
1615,6464-475,
1615,6812,
1615,6825,
1615,6017-100,
1615,6029,
1615,1015,
1617S,2018,
1617S,1130T,
1617S,6816,
1617S,6536,
1617S,6812,
1617S,6119-100,
1617S,6029,
1617S,1015,
1619W,218P,
1619W,218T,
1619W,6819,
1619W,6802,
1619W,6801,
1619W,6519,
1619W,6017-185,
1619W,6029,
1619W,1053,
1621WS,2037,
1621WS,6026W,
1621WS,6825,
1621WS,6519,
1621WS,6062,
1621WS,6464-475,
1621WS,6017,
1621WS,6029,
1621WS,1053,
1623W,2349,
1623W,3512,
1623W,3435,
1623W,6424,
1623W,6062,
1623W,6017,
1623W,6029,
1623W,1053,
1625WS,2037,
1625WS,6026W,
1625WS,6636,
1625WS,3512,
1625WS,6470,
1625WS,6650,
1625WS,6017,
1625WS,6029,
1625WS,1053,
1626W,208P,
1626W,208T,
1626W,3428,
1626W,2412,
1626W,2412,
1626W,2416,
1626W,6029,
1626W,1053,
1800,1862,
1800,1862T,
1800,1866,
1800,1865,
1800,1877,
2527,44,
2527,3419,
2527,6844,
2527,6823,
2527,6814,
2527,943,
2527,39-25,
2528WS,1872,
2528WS,1872T,
2528WS,1877,
2528WS,1876,
2528WS,1875W,
2528WS,39-25,
2529W,2329,
2529W,3512,
2529W,6819,
2529W,6812,
2529W,6560,
2529W,6119-25,
2529W,39-25,
2531WS,637,
2531WS,2046W,
2531WS,3435,
2531WS,6817,
2531WS,6636,
2531WS,6825,
2531WS,6119-100,
2531WS,39-25,
2533W,2358,
2533W,6650,
2533W,6414,
2533W,3444,
2533W,6470,
2533W,6357,
2533W,39-25,
2535WS,665,
2535WS,2046W,
2535WS,3434,
2535WS,6823,
2535WS,3672,
2535WS,6812,
2535WS,6357,
2535WS,39-35,
2537W,2242P,
2537W,2242C,
2537W,3435,
2537W,3650,
2537W,6464-275,
2537W,6819,
2537W,6427,
2537W,39-25,
2539WS,665,
2539WS,2046W,
2539WS,3361,
2539WS,6464-825,
2539WS,3512,
2539WS,6812,
2539WS,6357,
2539WS,39-35,
2539WS,464,
2541W,2383P,
2541W,2383T,
2541W,3356,
2541W,3512,
2541W,6519,
2541W,6816,
2541W,6427,
2541W,39-25,
2543WS,736,
2543WS,2046W,
2543WS,264,
2543WS,6264,
2543WS,3435,
2543WS,6823,
2543WS,6434,
2543WS,6812,
2543WS,6557,
2543WS,39-25,
2544W,2383P,
2544W,2383T,
2544W,2530,
2544W,2561,
2544W,2562,
2544W,2563,
2544W,39-25,
2545WS,746,
2545WS,746W,
2545WS,6175,
2545WS,6470,
2545WS,3419,
2545WS,6650,
2545WS,3540,
2545WS,6517,
2545WS,39-25,
2545WS,175,
1107,1055,
1107,6112,
1107,6044,
1107,6047,
1107,1026,
1109,1060,
1109,1060T,
1109,6404,
1109,3386,
1109,6047,
1109,1026,
1627S,244,
1627S,244T,
1627S,6062,
1627S,6825,
1627S,6017,
1627S,1008-50,
1627S,1015,
1629,225,
1629,6650,
1629,6470,
1629,6819,
1629,6219,
1629,1008-50,
1629,1015,
1631WS,243,
1631WS,243W,
1631WS,6519,
1631WS,6812,
1631WS,6465,
1631WS,6017,
1631WS,1008-50,
1631WS,1053,
1633,224P,
1633,224C,
1633,6544,
1633,6830,
1633,6820,
1633,6017-200,
1633,6029,
1633,1015,
1635WS,2037,
1635WS,6026W,
1635WS,6361,
1635WS,6826,
1635WS,6636,
1635WS,6821,
1635WS,6017,
1635WS,6029,
1635WS,1053,
1637W,218P,
1637W,218T,
1637W,6475,
1637W,6175,
1637W,6464-475,
1637W,6801,
1637W,6017,
1637W,6029,
1637W,1053,
1639WS,2037,
1639WS,6026W,
1639WS,6816,
1639WS,6817,
1639WS,6812,
1639WS,6530,
1639WS,6560,
1639WS,6119-100,
1639WS,6029,
1639WS,1053,
1640W,218P,
1640W,218T,
1640W,3428,
1640W,2412,
1640W,2412,
1640W,2416,
1640W,6029,
1640W,1053,
1640W,1640-100,
1805,45,
1805,3429,
1805,3820,
1805,6640,
1805,6824,
2547WS,637,
2547WS,2046W,
2547WS,3330,
2547WS,6475,
2547WS,6361,
2547WS,6357,
2547WS,39-25,
2549W,2349,
2549W,3540,
2549W,6470,
2549W,6819,
2549W,6650,
2549W,3535,
2549W,39-25,
2551W,2358,
2551W,6828,
2551W,3512,
2551W,6827,
2551W,6736,
2551W,6812,
2551W,6427,
2551W,110,
2551W,39-25,
2553W,736,
2553W,2046W,
2553W,3830,
2553W,3435,
2553W,3419,
2553W,3672,
2553W,6357,
2553W,260,
2553W,39-35,
2555W,2383P,
2555W,2383T,
2555W,3434,
2555W,3366,
2555W,6414,
2555W,6464-900,
2555W,6357-50,
2555W,110A,
2555W,39-25,
2555W,1044,
2555W,114,
2555W,HO set,
1123,1060,
1123,1050T,
1123,6406,
1123,6042,
1123,1026,
1123,unlettered,
1124,1060,
1124,1060T,
1124,3409,
1124,6076,
1124,unlettered,
1124,1026,
1125,1065,
1125,6630,
1125,6480,
1125,6120,
1125,1026,
1641,246,
1641,244T,
1641,3362,
1641,6162,
1641,6057,
1641,1008-50,
1641,1010,
1642,244,
1642,1130T,
1642,3376,
1642,6405,
1642,6119-100,
1642,1008-50,
1642,1025,
1643,230,
1643,3509,
1643,6050,
1643,6175,
1643,6058,
1643,1008-50,
1643,1025,
1644,1862,
1644,1862T,
1644,3370,
1644,1866,
1644,1865,
1644,1025,
1645,229,
1645,3410,
1645,6465,
1645,6825,
1645,6059,
1645,1008-50,
1645,1073,
1645,147,
1646,233,
1646,233W,
1646,6162,
1646,6343,
1646,6476,
1646,6017,
1646,1008-50,
1646,1073,
1646,147,
1647,45,
1647,3665,
1647,3519,
1647,6830,
1647,6448,
1647,6814,
1647,6019,
1647,1073,
1648,2037,
1648,233W,
1648,6062,
1648,6465,
1648,6519,
1648,6476,
1648,6017,
1648,1008-50,
1648,1063,
1649,218P,
1649,218C,
1649,6343,
1649,6445,
1649,6475,
1649,6405,
1649,6017,
1649,1008-50,
1649,1063,
1650,2037,
1650,233W,
1650,6544,
1650,6470,
1650,3330,
1650,3419,
1650,6017,
1650,6029,
1650,1063,
1651,218P,
1651,218T,
1651,2412,
1651,2412,
1651,2414,
1651,2416,
1651,6029,
1651,1063,
1652,236,
1652,1130T,
1652,6050,
1652,6476,
1652,6017,
1652,1008-50,
1652,1073,
1809,244,
1809,1130T,
1809,3370,
1809,3376,
1809,1877,
1809,6017,
1810,231,
1810,3665,
1810,3519,
1810,3820,
1810,6017,
2570,616,
2570,6822,
2570,6828,
2570,6812,
2570,6736,
2570,6130,
2570,39-25,
2571,637,
2571,736W,
2571,3419,
2571,6445,
2571,6361,
2571,6119,
2571,39-25,
2572,2359,
2572,6544,
2572,3830,
2572,6448,
2572,3519,
2572,3535,
2572,39-25,
2573,736,
2573,736W,
2573,3545,
2573,6416,
2573,6475,
2573,6440,
2573,6357,
2574,2383P,
2574,2383T,
2574,3665,
2574,3419,
2574,3830,
2574,448,
2574,6448,
2574,6437,
2574,109,
2574,943,
2574,39-25,
2575,2360,
2575,6530,
2575,6828,
2575,6464-900,
2575,6827,
2575,6736,
2575,6560,
2575,6437,
2575,39-35,
2576,2383P,
2576,2383T,
2576,2561,
2576,2562,
2576,2562,
2576,2563,
11001,1060,
11001,1060T,
11001,6042,
11001,6402,
11001,6167,
11001,1026,
11011,222,
11011,3510,
11011,6076,
11011,6120,
11011,1026,
11201,242,
11201,1060T,
11201,6042-75,
11201,6502,
11201,6047,
11201,1010,
11212,633,
11212,3349,
11212,6825,
11212,6057,
11212,1008-50,
11212,1010,
11222,236,
11222,1050T,
11222,3357,
11222,6343,
11222,6119,
11222,1008-50,
11222,1025,
11232,232,
11232,3410,
11232,6062,
11232,6413,
11232,6057,
11232,1008-50,
11232,1025,
11242,233,
11242,233W,
11242,6465,
11242,6476,
11242,6162,
11242,6017,
11242,1008-50,
11242,1073,
11242,147,
11252,211P,
11252,211T,
11252,3509,
11252,6448,
11252,3349,
11252,6463,
11252,6057,
11252,1008-50,
11252,1025,
11268,2365,
11268,3619,
11268,3470,
11268,3349,
11268,6501,
11268,6017,
11268,6029,
11268,1073,
11278,2037,
11278,233W,
11278,6473,
11278,6162,
11278,6050-110,
11278,6825,
11278,6017,
11278,1008-50,
11278,1073,
11278,147,
11288,229P,
11288,229C,
11288,3413,
11288,6512,
11288,6413,
11288,6463,
11288,6059,
11288,1008-50,
11288,1073,
11288,147,
11298,2037,
11298,233W,
11298,6544,
11298,3419,
11298,6448,
11298,3330,
11298,6017,
11298,6029,
11298,1063,
11308,218P,
11308,218T,
11308,2412,
11308,2412,
11308,2414,
11308,2416,
11308,6029,
11308,1063,
12502,1862,
12502,1862T,
12502,3376,
12502,1877,
12502,1866,
12502,1865,
12512,45,
12512,3413,
12512,3619,
12512,3470,
12512,3349,
12512,6017,
13008,637,
13008,736W,
13008,3349,
13008,6448,
13008,6501,
13008,6119,
13008,39-25,
13018,616,
13018,6500,
13018,6650,
13018,3519,
13018,6448,
13018,6017-235,
13018,39-25,
13028,2359,
13028,3665,
13028,3349,
13028,3820,
13028,3470,
13028,6017-100,
13028,39-25,
13028,943,
13036,1872,
13036,1872T,
13036,6445,
13036,3370,
13036,1876,
13036,1875W,
13036,39-25,
13048,736,
13048,736W,
13048,6822,
13048,6414,
13048,3362,
13048,6440,
13048,6437,
13048,39-25,
13058,2383P,
13058,2383T,
13058,3619,
13058,3413,
13058,6512,
13058,470,
13058,6470,
13058,6437,
13058,39-25,
13068,2360,
13068,6464-725,
13068,6828,
13068,6416,
13068,6827,
13068,6530,
13068,6475,
13068,6437,
13068,39-25,
13078,2360,
13078,2521,
13078,2522,
13078,2522,
13078,2523,
13078,39-35,
13088,2383P,
13088,2383T,
13088,2521,
13088,2522,
13088,2522,
13088,2523,
13088,39-25,
11311,1062,
11311,1061T,
11311,6409-25,
11311,6076-100,
11311,6167,
11311,1026,
11321,221,
11321,3309,
11321,6076-75,
11321,6042-75,
11321,6167-50,
11321,1026,
11331,242,
11331,1060T,
11331,6473,
11331,6476-25,
11331,6142,
11331,6059,
11331,6139,
11331,1010,
11341,634,
11341,3410,
11341,6407,
11341,6014-335,
11341,6463,
11341,6059,
11341,6139,
11341,1010,
11351,237,
11351,1060T,
11351,6050-110,
11351,6465-150,
11351,6408,
11351,6162,
11351,6119-100,
11351,6139,
11351,1025,
11361,211P,
11361,211T,
11361,3665,
11361,3413,
11361,6470,
11361,6413,
11361,6257-100,
11361,6139,
11361,1025,
11375,238,
11375,234W,
11375,6822-50,
11375,6465-150,
11375,6414-150,
11375,6476-75,
11375,6162,
11375,6257-100,
11375,6139,
11375,1073,
11375,147,
11385,223P,
11385,218C,
11385,3619-100,
11385,3470-100,
11385,3349-100,
11385,3830-75,
11385,6407,
11385,6257-100,
11385,6139,
11385,1073,
11385,147,
11395,2037,
11395,233W,
11395,6464-725,
11395,6469,
11395,6536,
11395,6440,
11395,6560,
11395,6119-100,
11395,6029,
11395,1073,
11395,147,
11405,218P,
11405,218T,
11405,2412,
11405,2412,
11405,2414,
11405,2416,
11405,6029,
11405,1073,
11405,147,
11415,1061,
11415,1061T,
11415,6502,
11415,6167,
11415,1026,
13098,637,
13098,736W,
13098,6469,
13098,6464-900,
13098,6414,
13098,6446,
13098,6447,
13098,39-25,
13108,617,
13108,3665,
13108,3419,
13108,6448,
13108,3830,
13108,3470,
13108,6119-100,
13108,39-25,
13118,736,
13118,736W,
13118,6446-60,
13118,6827,
13118,3362,
13118,6315,
13118,6560,
13118,6429,
13118,39-25,
13128,2383P,
13128,2383T,
13128,3619,
13128,3413,
13128,6512,
13128,448,
13128,6448,
13128,6437,
13128,39-25,
13138,2360,
13138,6464-725,
13138,6828,
13138,6416,
13138,6827,
13138,6315,
13138,6436-110,
13138,6437,
13138,39-25,
13148,2383P,
13148,2383T,
13148,2521,
13148,2522,
13148,2523,
13148,2523,
13148,39-25,
11420,1061,
11420,1061T,
11420,6042-250,
11420,6167-25,
11420,1026,
11430,1062,
11430,1061T,
11430,6176,
11430,6142,
11430,6167-125,
11430,6149,
11430,1026,
11440,221,
11440,3309,
11440,6176-50,
11440,6142-125,
11440,6167-100,
11440,6149,
11440,1026,
11450,242,
11450,1060T,
11450,6473,
11450,6142-75,
11450,6176-50,
11450,6059,
11450,6149,
11450,1010,
11460,238,
11460,234W,
11460,6014-335,
11460,6465-150,
11460,6142-100,
11460,6176-75,
11460,6119-100,
11460,6149,
11460,1073,
11460,147,
11470,237,
11470,1060T,
11470,6014-335,
11470,6465-150,
11470,6142-100,
11470,6176-75,
11470,6119-100,
11470,6149,
11470,1073,
11480,213P,
11480,213T,
11480,6473,
11480,6176-50,
11480,6142-150,
11480,6014-335,
11480,6257-100,
11480,6149,
11480,1025,
11490,212P,
11490,212T,
11490,2404,
11490,2405,
11490,2406,
11490,6149,
11490,1073,
11490,147,
11500,2029,
11500,234W,
11500,6465-150,
11500,6402-50,
11500,6176-75,
11500,6014-335,
11500,6257-100,
11500,6149,
11500,1073,
11500,147,
11510,2029,
11510,1060T,
11510,6465-150,
11510,6402-50,
11510,6176-75,
11510,6014-335,
11510,6257-100,
11510,6149,
11510,1025,
12700,736,
12700,736W,
12700,6464-725,
12700,6162,
12700,6414,
12700,6476,
12700,6437,
12700,UCS,
12710,736,
12710,736W,
12710,6464-725,
12710,6162,
12710,6414,
12710,6476,
12710,6437,
12710,UCS,
12710,LW,
12720,2383P,
12720,2383T,
12720,6464-725,
12720,6162,
12720,6414,
12720,6476,
12720,6437,
12720,UCS,
12730,2383P,
12730,2383T,
12730,6464-725,
12730,6162,
12730,6414,
12730,6476,
12730,6437,
12730,UCS,
12730,LW,
12780,2383P,
12780,2383T,
12780,2521,
12780,2522,
12780,2523,
12780,2523,
12780,UCS,
13150,773,
13150,773W,
13150,3434,
13150,6361,
13150,3662,
13150,6415,
13150,3356,
13150,6436-110,
13150,6437,
13150,112,
13150,39-25,
13150,39-25,
13150,ZW,
11520,242,
11520,1062T,
11520,6176,
11520,3364,
11520,6142,
11520,6059,
11520,6149,
11520,1010,
11530,634,
11530,6014,
11530,6142,
11530,6402,
11530,6130,
11530,6149,
11530,1010,
11540,239,
11540,242T,
11540,6473,
11540,6465,
11540,6176,
11540,6119,
11540,6149,
11540,1025,
11550,239,
11550,234W,
11550,6473,
11550,6465,
11550,6176,
11550,6119,
11550,6149,
11550,1073,
11550,147,
11560,211P,
11560,211T,
11560,6473,
11560,6176,
11560,6142,
11560,6465,
11560,6059,
11560,6149,
11560,1025,
12800,2346,
12800,6428,
12800,6436,
12800,6464-475,
12800,6415,
12800,6017-100,
12800,UCS,
12820,2322,
12820,3662,
12820,6822,
12820,6361,
12820,6464-725,
12820,6436,
12820,6315,
12820,6437,
12820,UCS,
12820,LW,
11590,212P,
11590,212T,
11590,2408,
11590,2409,
11590,2410,
11590,6149,
11590,1073,
11590,147,
12840,665,
12840,736W,
12840,6464-375,
12840,6464-450,
12840,6431,
12840,6415,
12840,6437,
12840,UCS,
12840,LW,
12850,2322,
12850,3662,
12850,6822,
12850,6361,
12850,6464-725,
12850,6436,
12850,6315,
12850,6437,
12850,UCS,
12850,LW,
12850,T022,
11600,2029,
11600,234W,
11600,6014,
11600,6476,
11600,6315,
11600,6560,
11600,6130,
11600,1122,
11600,260,
11600,6149,
11600,1044,
11710,1061,
11710,1061T,
11710,6402,
11710,6142,
11710,6059,
11710,1025,
11720,2024,
11720,6142,
11720,6402,
11720,6176,
11720,6057,
11720,6149,
11720,1025,
11730,645,
11730,6402,
11730,6014-85,
11730,6176,
11730,6142,
11730,6167-85,
11730,6149,
11730,1025,
11740,2041P,
11740,2041T,
11740,6315,
11740,6142,
11740,6014-410,
11740,6476,
11740,6057,
11740,6149,
11740,1025,
11750,2029,
11750,234T,
11750,6014-85,
11750,6476,
11750,6473,
11750,6315,
11750,6130,
11750,6149,
11750,1025,
11760,2029,
11760,234W,
11760,6014-410,
11760,6315,
11760,6476,
11760,3376,
11760,6119,
11760,6149,
11760,1044,
